inventory_id,product_id,store_id,stock_quantity,reorder_level,last_restocked,warehouse_location
1,P001,S01,37,30,2024-07-08,Rack-2-Shelf-1
2,P001,S02,96,31,2024-03-21,Rack-9-Shelf-4
3,P001,S03,41,15,2024-08-12,Rack-18-Shelf-5
4,P001,S04,242,32,2024-01-07,Rack-12-Shelf-1
5,P001,S05,106,49,2024-03-02,Rack-17-Shelf-3
6,P001,S06,44,42,2024-01-13,Rack-12-Shelf-1
7,P001,S07,420,28,2024-02-22,Rack-5-Shelf-1
8,P001,S08,495,10,2024-09-09,Rack-9-Shelf-1
9,P001,S09,500,27,2024-07-10,Rack-3-Shelf-3
10,P001,S10,219,47,2024-04-18,Rack-7-Shelf-2
11,P001,S11,242,36,2024-03-15,Rack-13-Shelf-5
12,P001,S12,292,47,2024-05-15,Rack-15-Shelf-2
13,P001,S13,261,39,2024-04-13,Rack-2-Shelf-5
14,P001,S14,479,19,2024-07-08,Rack-6-Shelf-2
15,P001,S15,308,13,2024-07-11,Rack-2-Shelf-3
16,P001,S16,211,22,2024-07-29,Rack-2-Shelf-4
17,P001,S17,41,19,2024-06-03,Rack-4-Shelf-2
18,P001,S18,244,23,2024-06-01,Rack-20-Shelf-1
19,P001,S19,70,30,2024-10-01,Rack-3-Shelf-5
20,P001,S20,113,37,2024-07-18,Rack-19-Shelf-3
21,P002,S01,445,22,2024-08-08,Rack-10-Shelf-2
22,P002,S02,495,37,2024-06-28,Rack-7-Shelf-1
23,P002,S03,336,29,2024-06-10,Rack-20-Shelf-3
24,P002,S04,190,36,2024-10-09,Rack-4-Shelf-3
25,P002,S05,16,44,2024-10-25,Rack-11-Shelf-1
26,P002,S06,469,28,2024-07-14,Rack-8-Shelf-1
27,P002,S07,273,38,2024-10-08,Rack-19-Shelf-4
28,P002,S08,449,36,2024-04-26,Rack-8-Shelf-1
29,P002,S09,65,22,2024-01-05,Rack-9-Shelf-2
30,P002,S10,414,23,2024-05-03,Rack-8-Shelf-5
31,P002,S11,268,50,2024-05-02,Rack-4-Shelf-5
32,P002,S12,197,10,2024-03-15,Rack-11-Shelf-1
33,P002,S13,312,19,2024-09-10,Rack-1-Shelf-3
34,P002,S14,2,11,2024-06-07,Rack-8-Shelf-5
35,P002,S15,469,37,2024-07-13,Rack-14-Shelf-5
36,P002,S16,155,39,2024-01-21,Rack-16-Shelf-2
37,P002,S17,199,12,2024-03-23,Rack-15-Shelf-3
38,P002,S18,244,42,2024-08-02,Rack-14-Shelf-2
39,P002,S19,211,42,2024-01-15,Rack-12-Shelf-2
40,P002,S20,497,41,2024-04-09,Rack-17-Shelf-1
41,P003,S01,431,45,2024-09-26,Rack-5-Shelf-2
42,P003,S02,97,12,2024-10-15,Rack-15-Shelf-1
43,P003,S03,47,48,2024-10-24,Rack-18-Shelf-2
44,P003,S04,150,39,2024-09-12,Rack-2-Shelf-4
45,P003,S05,185,16,2024-09-25,Rack-13-Shelf-2
46,P003,S06,53,10,2024-10-15,Rack-17-Shelf-4
47,P003,S07,429,22,2024-07-25,Rack-15-Shelf-5
48,P003,S08,478,21,2024-09-15,Rack-3-Shelf-4
49,P003,S09,278,46,2024-07-17,Rack-1-Shelf-1
50,P003,S10,193,35,2024-09-15,Rack-17-Shelf-1
51,P003,S11,448,20,2024-09-06,Rack-19-Shelf-1
52,P003,S12,159,20,2024-07-08,Rack-6-Shelf-5
53,P003,S13,344,27,2024-07-12,Rack-11-Shelf-5
54,P003,S14,475,11,2024-08-04,Rack-18-Shelf-1
55,P003,S15,346,38,2024-03-09,Rack-6-Shelf-3
56,P003,S16,51,49,2024-08-21,Rack-20-Shelf-4
57,P003,S17,4,23,2024-03-04,Rack-2-Shelf-5
58,P003,S18,31,43,2024-04-18,Rack-9-Shelf-5
59,P003,S19,371,10,2024-10-06,Rack-12-Shelf-3
60,P003,S20,131,43,2024-08-21,Rack-18-Shelf-5
61,P004,S01,22,27,2024-09-30,Rack-8-Shelf-2
62,P004,S02,130,36,2024-06-11,Rack-18-Shelf-4
63,P004,S03,469,39,2024-03-10,Rack-13-Shelf-1
64,P004,S04,93,16,2024-04-20,Rack-3-Shelf-5
65,P004,S05,352,11,2024-08-04,Rack-14-Shelf-4
66,P004,S06,152,13,2024-06-12,Rack-20-Shelf-5
67,P004,S07,243,50,2024-06-04,Rack-8-Shelf-1
68,P004,S08,271,41,2024-10-11,Rack-1-Shelf-2
69,P004,S09,227,43,2024-03-29,Rack-11-Shelf-2
70,P004,S10,224,16,2024-03-05,Rack-14-Shelf-5
71,P004,S11,270,41,2024-01-12,Rack-10-Shelf-1
72,P004,S12,170,30,2024-09-06,Rack-18-Shelf-1
73,P004,S13,120,50,2024-08-13,Rack-7-Shelf-1
74,P004,S14,145,20,2024-03-02,Rack-16-Shelf-3
75,P004,S15,198,18,2024-05-18,Rack-16-Shelf-5
76,P004,S16,308,27,2024-05-09,Rack-8-Shelf-2
77,P004,S17,427,17,2024-09-11,Rack-18-Shelf-2
78,P004,S18,230,24,2024-01-20,Rack-12-Shelf-5
79,P004,S19,244,36,2024-08-10,Rack-5-Shelf-1
80,P004,S20,270,29,2024-01-08,Rack-15-Shelf-5
81,P005,S01,140,35,2024-05-09,Rack-1-Shelf-1
82,P005,S02,170,38,2024-08-17,Rack-10-Shelf-4
83,P005,S03,496,34,2024-03-12,Rack-4-Shelf-5
84,P005,S04,314,41,2024-09-18,Rack-11-Shelf-4
85,P005,S05,175,50,2024-03-05,Rack-11-Shelf-3
86,P005,S06,339,29,2024-03-17,Rack-9-Shelf-3
87,P005,S07,287,37,2024-07-24,Rack-15-Shelf-2
88,P005,S08,312,21,2024-10-20,Rack-20-Shelf-1
89,P005,S09,237,20,2024-03-10,Rack-14-Shelf-4
90,P005,S10,315,27,2024-01-23,Rack-14-Shelf-1
91,P005,S11,50,30,2024-05-13,Rack-4-Shelf-2
92,P005,S12,264,20,2024-08-12,Rack-8-Shelf-5
93,P005,S13,208,44,2024-09-26,Rack-7-Shelf-2
94,P005,S14,315,18,2024-04-13,Rack-18-Shelf-5
95,P005,S15,268,34,2024-03-11,Rack-5-Shelf-3
96,P005,S16,331,26,2024-08-04,Rack-17-Shelf-4
97,P005,S17,95,46,2024-07-30,Rack-14-Shelf-1
98,P005,S18,30,24,2024-07-03,Rack-13-Shelf-3
99,P005,S19,254,27,2024-10-10,Rack-2-Shelf-5
100,P005,S20,467,29,2024-04-12,Rack-16-Shelf-1
101,P006,S01,361,29,2024-10-23,Rack-6-Shelf-4
102,P006,S02,74,40,2024-04-28,Rack-12-Shelf-1
103,P006,S03,331,35,2024-01-17,Rack-2-Shelf-1
104,P006,S04,76,37,2024-07-30,Rack-10-Shelf-4
105,P006,S05,325,12,2024-10-26,Rack-14-Shelf-1
106,P006,S06,145,48,2024-01-19,Rack-19-Shelf-1
107,P006,S07,3,13,2024-02-24,Rack-14-Shelf-4
108,P006,S08,182,47,2024-06-14,Rack-10-Shelf-3
109,P006,S09,482,29,2024-05-07,Rack-2-Shelf-1
110,P006,S10,49,40,2024-09-22,Rack-9-Shelf-4
111,P006,S11,66,41,2024-06-01,Rack-6-Shelf-1
112,P006,S12,466,30,2024-04-02,Rack-5-Shelf-3
113,P006,S13,340,45,2024-10-19,Rack-17-Shelf-4
114,P006,S14,351,22,2024-01-29,Rack-16-Shelf-2
115,P006,S15,80,16,2024-07-29,Rack-13-Shelf-3
116,P006,S16,420,35,2024-10-18,Rack-4-Shelf-1
117,P006,S17,383,38,2024-01-31,Rack-18-Shelf-4
118,P006,S18,384,14,2024-03-01,Rack-16-Shelf-1
119,P006,S19,109,26,2024-01-01,Rack-5-Shelf-3
120,P006,S20,17,11,2024-07-27,Rack-9-Shelf-2
121,P007,S01,75,39,2024-08-03,Rack-9-Shelf-2
122,P007,S02,158,46,2024-06-05,Rack-14-Shelf-3
123,P007,S03,71,37,2024-07-01,Rack-2-Shelf-3
124,P007,S04,498,22,2024-05-25,Rack-16-Shelf-4
125,P007,S05,344,26,2024-02-10,Rack-3-Shelf-4
126,P007,S06,7,20,2024-09-17,Rack-12-Shelf-5
127,P007,S07,449,32,2024-04-08,Rack-18-Shelf-5
128,P007,S08,369,41,2024-06-24,Rack-12-Shelf-5
129,P007,S09,327,45,2024-09-09,Rack-11-Shelf-5
130,P007,S10,477,21,2024-01-31,Rack-9-Shelf-1
131,P007,S11,344,32,2024-06-14,Rack-6-Shelf-5
132,P007,S12,377,20,2024-04-26,Rack-2-Shelf-1
133,P007,S13,204,27,2024-04-28,Rack-1-Shelf-2
134,P007,S14,321,18,2024-09-10,Rack-15-Shelf-3
135,P007,S15,150,28,2024-04-26,Rack-8-Shelf-2
136,P007,S16,303,29,2024-06-25,Rack-15-Shelf-5
137,P007,S17,219,41,2024-05-24,Rack-2-Shelf-3
138,P007,S18,438,40,2024-08-20,Rack-5-Shelf-3
139,P007,S19,325,50,2024-07-20,Rack-9-Shelf-5
140,P007,S20,246,19,2024-09-18,Rack-7-Shelf-3
141,P008,S01,52,46,2024-01-06,Rack-14-Shelf-4
142,P008,S02,321,14,2024-01-12,Rack-2-Shelf-5
143,P008,S03,293,38,2024-10-13,Rack-10-Shelf-3
144,P008,S04,88,49,2024-09-17,Rack-6-Shelf-5
145,P008,S05,291,25,2024-02-03,Rack-13-Shelf-3
146,P008,S06,67,17,2024-03-06,Rack-17-Shelf-2
147,P008,S07,216,32,2024-09-16,Rack-12-Shelf-5
148,P008,S08,240,13,2024-04-02,Rack-10-Shelf-5
149,P008,S09,303,14,2024-01-01,Rack-11-Shelf-3
150,P008,S10,240,46,2024-10-20,Rack-19-Shelf-1
151,P008,S11,185,43,2024-05-13,Rack-8-Shelf-3
152,P008,S12,347,32,2024-07-12,Rack-12-Shelf-1
153,P008,S13,333,19,2024-04-24,Rack-10-Shelf-2
154,P008,S14,470,26,2024-05-20,Rack-2-Shelf-4
155,P008,S15,354,11,2024-09-20,Rack-1-Shelf-4
156,P008,S16,436,23,2024-02-06,Rack-8-Shelf-5
157,P008,S17,168,49,2024-05-29,Rack-8-Shelf-3
158,P008,S18,477,38,2024-10-03,Rack-9-Shelf-3
159,P008,S19,317,11,2024-08-29,Rack-7-Shelf-1
160,P008,S20,79,43,2024-03-24,Rack-3-Shelf-1
161,P009,S01,406,14,2024-04-03,Rack-13-Shelf-3
162,P009,S02,326,19,2024-02-18,Rack-17-Shelf-1
163,P009,S03,163,26,2024-05-14,Rack-16-Shelf-5
164,P009,S04,258,47,2024-04-21,Rack-15-Shelf-4
165,P009,S05,26,41,2024-01-30,Rack-12-Shelf-1
166,P009,S06,227,11,2024-07-08,Rack-1-Shelf-4
167,P009,S07,477,18,2024-07-16,Rack-7-Shelf-2
168,P009,S08,227,35,2024-04-01,Rack-9-Shelf-2
169,P009,S09,66,37,2024-06-20,Rack-15-Shelf-2
170,P009,S10,1,41,2024-09-25,Rack-2-Shelf-3
171,P009,S11,378,41,2024-01-21,Rack-16-Shelf-5
172,P009,S12,318,25,2024-08-13,Rack-20-Shelf-5
173,P009,S13,255,41,2024-06-17,Rack-6-Shelf-2
174,P009,S14,317,47,2024-08-10,Rack-7-Shelf-4
175,P009,S15,289,16,2024-09-22,Rack-10-Shelf-3
176,P009,S16,141,27,2024-02-25,Rack-19-Shelf-5
177,P009,S17,344,24,2024-09-16,Rack-12-Shelf-4
178,P009,S18,498,46,2024-03-19,Rack-17-Shelf-2
179,P009,S19,204,19,2024-01-10,Rack-4-Shelf-4
180,P009,S20,411,32,2024-02-23,Rack-11-Shelf-5
181,P010,S01,370,46,2024-06-09,Rack-6-Shelf-4
182,P010,S02,475,28,2024-08-16,Rack-18-Shelf-4
183,P010,S03,490,16,2024-07-03,Rack-11-Shelf-2
184,P010,S04,98,23,2024-02-06,Rack-15-Shelf-5
185,P010,S05,481,24,2024-02-06,Rack-7-Shelf-3
186,P010,S06,418,41,2024-06-17,Rack-13-Shelf-1
187,P010,S07,315,37,2024-02-18,Rack-15-Shelf-4
188,P010,S08,184,50,2024-01-26,Rack-5-Shelf-1
189,P010,S09,410,11,2024-01-11,Rack-2-Shelf-2
190,P010,S10,255,43,2024-08-05,Rack-10-Shelf-5
191,P010,S11,394,46,2024-07-01,Rack-17-Shelf-4
192,P010,S12,28,10,2024-06-28,Rack-4-Shelf-2
193,P010,S13,482,30,2024-04-26,Rack-17-Shelf-1
194,P010,S14,447,36,2024-04-08,Rack-4-Shelf-5
195,P010,S15,358,10,2024-06-18,Rack-7-Shelf-4
196,P010,S16,427,34,2024-04-16,Rack-6-Shelf-5
197,P010,S17,239,50,2024-10-21,Rack-6-Shelf-4
198,P010,S18,146,34,2024-04-05,Rack-6-Shelf-4
199,P010,S19,466,42,2024-08-31,Rack-11-Shelf-2
200,P010,S20,45,14,2024-06-27,Rack-6-Shelf-3
201,P011,S01,388,23,2024-10-02,Rack-16-Shelf-2
202,P011,S02,439,11,2024-08-15,Rack-11-Shelf-4
203,P011,S03,308,22,2024-02-19,Rack-10-Shelf-3
204,P011,S04,128,48,2024-05-17,Rack-4-Shelf-5
205,P011,S05,361,46,2024-07-11,Rack-9-Shelf-3
206,P011,S06,496,46,2024-07-15,Rack-6-Shelf-3
207,P011,S07,342,22,2024-10-10,Rack-9-Shelf-1
208,P011,S08,494,46,2024-03-13,Rack-16-Shelf-4
209,P011,S09,481,14,2024-06-30,Rack-15-Shelf-2
210,P011,S10,340,50,2024-07-30,Rack-17-Shelf-3
211,P011,S11,2,38,2024-01-31,Rack-11-Shelf-1
212,P011,S12,458,44,2024-03-20,Rack-12-Shelf-1
213,P011,S13,330,17,2024-01-16,Rack-7-Shelf-1
214,P011,S14,334,44,2024-08-10,Rack-15-Shelf-2
215,P011,S15,9,40,2024-06-30,Rack-19-Shelf-1
216,P011,S16,140,27,2024-07-10,Rack-14-Shelf-4
217,P011,S17,487,14,2024-07-27,Rack-13-Shelf-4
218,P011,S18,351,34,2024-01-05,Rack-3-Shelf-3
219,P011,S19,27,27,2024-04-30,Rack-9-Shelf-1
220,P011,S20,393,15,2024-01-01,Rack-6-Shelf-4
221,P012,S01,334,33,2024-06-24,Rack-15-Shelf-4
222,P012,S02,355,29,2024-08-24,Rack-12-Shelf-4
223,P012,S03,432,35,2024-07-04,Rack-15-Shelf-2
224,P012,S04,371,18,2024-09-01,Rack-16-Shelf-3
225,P012,S05,42,13,2024-06-21,Rack-1-Shelf-4
226,P012,S06,266,30,2024-01-11,Rack-5-Shelf-2
227,P012,S07,124,13,2024-06-01,Rack-14-Shelf-2
228,P012,S08,60,29,2024-09-05,Rack-1-Shelf-4
229,P012,S09,428,16,2024-07-11,Rack-11-Shelf-2
230,P012,S10,435,39,2024-04-22,Rack-1-Shelf-3
231,P012,S11,104,28,2024-03-25,Rack-18-Shelf-5
232,P012,S12,0,41,2024-09-27,Rack-3-Shelf-4
233,P012,S13,76,47,2024-04-13,Rack-2-Shelf-5
234,P012,S14,411,34,2024-02-27,Rack-12-Shelf-1
235,P012,S15,245,17,2024-01-26,Rack-14-Shelf-4
236,P012,S16,62,35,2024-01-28,Rack-8-Shelf-4
237,P012,S17,433,39,2024-01-30,Rack-11-Shelf-5
238,P012,S18,30,27,2024-03-01,Rack-4-Shelf-4
239,P012,S19,336,46,2024-08-28,Rack-15-Shelf-5
240,P012,S20,220,22,2024-02-23,Rack-20-Shelf-5
241,P013,S01,145,36,2024-08-14,Rack-2-Shelf-5
242,P013,S02,476,49,2024-07-17,Rack-2-Shelf-5
243,P013,S03,236,27,2024-08-03,Rack-3-Shelf-2
244,P013,S04,76,48,2024-09-18,Rack-8-Shelf-1
245,P013,S05,262,41,2024-10-04,Rack-17-Shelf-3
246,P013,S06,364,40,2024-08-19,Rack-19-Shelf-5
247,P013,S07,260,42,2024-03-19,Rack-9-Shelf-2
248,P013,S08,233,32,2024-07-25,Rack-17-Shelf-4
249,P013,S09,275,37,2024-03-31,Rack-15-Shelf-3
250,P013,S10,471,42,2024-04-05,Rack-8-Shelf-1
251,P013,S11,446,12,2024-10-18,Rack-15-Shelf-1
252,P013,S12,460,30,2024-05-11,Rack-16-Shelf-3
253,P013,S13,302,32,2024-01-09,Rack-4-Shelf-2
254,P013,S14,436,23,2024-07-15,Rack-15-Shelf-2
255,P013,S15,372,15,2024-02-03,Rack-11-Shelf-4
256,P013,S16,228,43,2024-02-03,Rack-9-Shelf-1
257,P013,S17,274,20,2024-09-30,Rack-6-Shelf-3
258,P013,S18,385,35,2024-06-06,Rack-20-Shelf-1
259,P013,S19,328,25,2024-08-18,Rack-3-Shelf-4
260,P013,S20,405,30,2024-01-29,Rack-19-Shelf-3
261,P014,S01,343,50,2024-03-26,Rack-7-Shelf-1
262,P014,S02,191,46,2024-07-28,Rack-8-Shelf-4
263,P014,S03,275,15,2024-04-24,Rack-4-Shelf-5
264,P014,S04,32,33,2024-02-24,Rack-17-Shelf-1
265,P014,S05,363,25,2024-07-14,Rack-19-Shelf-1
266,P014,S06,13,27,2024-08-13,Rack-20-Shelf-1
267,P014,S07,155,37,2024-06-05,Rack-10-Shelf-5
268,P014,S08,134,13,2024-06-26,Rack-18-Shelf-1
269,P014,S09,168,16,2024-04-24,Rack-20-Shelf-3
270,P014,S10,464,19,2024-09-10,Rack-18-Shelf-5
271,P014,S11,453,15,2024-02-07,Rack-20-Shelf-2
272,P014,S12,222,44,2024-01-28,Rack-1-Shelf-5
273,P014,S13,256,37,2024-01-26,Rack-14-Shelf-5
274,P014,S14,37,28,2024-06-06,Rack-3-Shelf-4
275,P014,S15,458,50,2024-08-06,Rack-13-Shelf-1
276,P014,S16,52,40,2024-08-26,Rack-5-Shelf-5
277,P014,S17,142,20,2024-01-02,Rack-14-Shelf-4
278,P014,S18,25,45,2024-01-16,Rack-11-Shelf-5
279,P014,S19,380,32,2024-10-10,Rack-5-Shelf-3
280,P014,S20,347,10,2024-05-10,Rack-20-Shelf-4
281,P015,S01,248,47,2024-06-14,Rack-16-Shelf-2
282,P015,S02,145,10,2024-01-18,Rack-8-Shelf-1
283,P015,S03,101,15,2024-07-06,Rack-3-Shelf-5
284,P015,S04,442,36,2024-02-17,Rack-15-Shelf-3
285,P015,S05,301,45,2024-08-10,Rack-6-Shelf-2
286,P015,S06,351,29,2024-06-04,Rack-15-Shelf-4
287,P015,S07,135,16,2024-05-18,Rack-19-Shelf-3
288,P015,S08,442,42,2024-04-18,Rack-6-Shelf-3
289,P015,S09,38,48,2024-10-20,Rack-2-Shelf-1
290,P015,S10,5,18,2024-07-25,Rack-8-Shelf-2
291,P015,S11,134,49,2024-03-09,Rack-5-Shelf-4
292,P015,S12,470,41,2024-08-30,Rack-2-Shelf-5
293,P015,S13,167,46,2024-06-05,Rack-6-Shelf-4
294,P015,S14,259,21,2024-04-30,Rack-20-Shelf-3
295,P015,S15,379,33,2024-05-15,Rack-7-Shelf-3
296,P015,S16,131,44,2024-04-03,Rack-3-Shelf-2
297,P015,S17,267,50,2024-01-03,Rack-4-Shelf-1
298,P015,S18,160,31,2024-09-01,Rack-13-Shelf-5
299,P015,S19,141,16,2024-07-08,Rack-4-Shelf-2
300,P015,S20,318,44,2024-07-04,Rack-12-Shelf-2
301,P016,S01,80,23,2024-08-28,Rack-12-Shelf-1
302,P016,S02,258,23,2024-09-10,Rack-8-Shelf-1
303,P016,S03,236,30,2024-03-26,Rack-11-Shelf-2
304,P016,S04,348,24,2024-03-16,Rack-9-Shelf-2
305,P016,S05,128,19,2024-02-19,Rack-7-Shelf-5
306,P016,S06,178,40,2024-10-21,Rack-14-Shelf-3
307,P016,S07,482,37,2024-03-25,Rack-18-Shelf-1
308,P016,S08,251,22,2024-04-24,Rack-12-Shelf-1
309,P016,S09,6,36,2024-05-12,Rack-11-Shelf-3
310,P016,S10,368,43,2024-01-23,Rack-10-Shelf-5
311,P016,S11,87,49,2024-05-29,Rack-2-Shelf-4
312,P016,S12,439,44,2024-03-22,Rack-17-Shelf-4
313,P016,S13,95,33,2024-06-26,Rack-17-Shelf-4
314,P016,S14,383,21,2024-10-22,Rack-7-Shelf-4
315,P016,S15,11,37,2024-03-21,Rack-12-Shelf-5
316,P016,S16,487,39,2024-04-21,Rack-13-Shelf-1
317,P016,S17,268,13,2024-07-07,Rack-12-Shelf-5
318,P016,S18,68,18,2024-08-02,Rack-5-Shelf-2
319,P016,S19,479,15,2024-07-28,Rack-15-Shelf-3
320,P016,S20,434,11,2024-02-02,Rack-3-Shelf-3
321,P017,S01,101,18,2024-08-18,Rack-1-Shelf-2
322,P017,S02,427,29,2024-02-18,Rack-10-Shelf-4
323,P017,S03,244,31,2024-07-13,Rack-18-Shelf-5
324,P017,S04,356,36,2024-04-18,Rack-16-Shelf-1
325,P017,S05,121,38,2024-10-27,Rack-18-Shelf-4
326,P017,S06,4,43,2024-01-16,Rack-11-Shelf-2
327,P017,S07,259,21,2024-10-03,Rack-19-Shelf-5
328,P017,S08,378,14,2024-03-31,Rack-5-Shelf-2
329,P017,S09,337,49,2024-07-18,Rack-11-Shelf-4
330,P017,S10,352,33,2024-04-09,Rack-16-Shelf-4
331,P017,S11,138,28,2024-06-19,Rack-4-Shelf-2
332,P017,S12,320,30,2024-07-15,Rack-5-Shelf-2
333,P017,S13,78,10,2024-10-04,Rack-7-Shelf-3
334,P017,S14,395,36,2024-05-11,Rack-9-Shelf-2
335,P017,S15,301,46,2024-07-16,Rack-4-Shelf-2
336,P017,S16,265,13,2024-08-17,Rack-3-Shelf-5
337,P017,S17,347,34,2024-01-23,Rack-14-Shelf-5
338,P017,S18,303,22,2024-05-14,Rack-11-Shelf-1
339,P017,S19,18,34,2024-09-27,Rack-7-Shelf-5
340,P017,S20,368,19,2024-03-13,Rack-3-Shelf-4
341,P018,S01,74,47,2024-09-21,Rack-13-Shelf-1
342,P018,S02,156,21,2024-09-05,Rack-17-Shelf-3
343,P018,S03,358,41,2024-02-24,Rack-2-Shelf-2
344,P018,S04,215,22,2024-01-07,Rack-12-Shelf-4
345,P018,S05,306,31,2024-07-31,Rack-6-Shelf-3
346,P018,S06,320,12,2024-10-24,Rack-13-Shelf-5
347,P018,S07,153,14,2024-03-12,Rack-7-Shelf-3
348,P018,S08,86,45,2024-09-27,Rack-18-Shelf-5
349,P018,S09,298,10,2024-10-07,Rack-17-Shelf-5
350,P018,S10,479,34,2024-01-16,Rack-17-Shelf-1
351,P018,S11,46,10,2024-08-23,Rack-4-Shelf-3
352,P018,S12,305,21,2024-04-14,Rack-13-Shelf-1
353,P018,S13,125,36,2024-09-18,Rack-1-Shelf-5
354,P018,S14,332,31,2024-10-12,Rack-17-Shelf-3
355,P018,S15,133,27,2024-04-17,Rack-16-Shelf-2
356,P018,S16,399,17,2024-04-11,Rack-6-Shelf-4
357,P018,S17,439,41,2024-09-10,Rack-14-Shelf-2
358,P018,S18,442,45,2024-04-24,Rack-3-Shelf-5
359,P018,S19,38,42,2024-01-29,Rack-10-Shelf-2
360,P018,S20,262,29,2024-05-03,Rack-2-Shelf-5
361,P019,S01,240,46,2024-09-06,Rack-11-Shelf-4
362,P019,S02,262,26,2024-03-31,Rack-4-Shelf-5
363,P019,S03,62,45,2024-01-17,Rack-3-Shelf-5
364,P019,S04,434,40,2024-05-22,Rack-15-Shelf-2
365,P019,S05,306,15,2024-04-26,Rack-4-Shelf-1
366,P019,S06,81,34,2024-07-01,Rack-20-Shelf-4
367,P019,S07,158,34,2024-01-04,Rack-7-Shelf-1
368,P019,S08,67,23,2024-02-24,Rack-5-Shelf-1
369,P019,S09,250,43,2024-02-28,Rack-15-Shelf-1
370,P019,S10,157,21,2024-05-05,Rack-5-Shelf-4
371,P019,S11,438,30,2024-09-26,Rack-18-Shelf-5
372,P019,S12,47,15,2024-09-29,Rack-11-Shelf-5
373,P019,S13,415,20,2024-01-13,Rack-14-Shelf-2
374,P019,S14,12,26,2024-02-29,Rack-13-Shelf-3
375,P019,S15,66,39,2024-03-26,Rack-13-Shelf-1
376,P019,S16,283,46,2024-02-22,Rack-1-Shelf-5
377,P019,S17,176,24,2024-02-19,Rack-2-Shelf-1
378,P019,S18,498,14,2024-08-23,Rack-20-Shelf-2
379,P019,S19,387,30,2024-02-02,Rack-8-Shelf-4
380,P019,S20,444,50,2024-03-27,Rack-5-Shelf-2
381,P020,S01,278,11,2024-02-08,Rack-7-Shelf-4
382,P020,S02,488,12,2024-03-31,Rack-1-Shelf-5
383,P020,S03,334,45,2024-02-16,Rack-20-Shelf-3
384,P020,S04,2,14,2024-05-21,Rack-13-Shelf-5
385,P020,S05,198,15,2024-04-30,Rack-13-Shelf-1
386,P020,S06,479,39,2024-09-10,Rack-5-Shelf-4
387,P020,S07,80,12,2024-05-24,Rack-12-Shelf-1
388,P020,S08,356,46,2024-10-09,Rack-1-Shelf-4
389,P020,S09,376,23,2024-06-28,Rack-8-Shelf-2
390,P020,S10,491,23,2024-07-04,Rack-1-Shelf-1
391,P020,S11,488,35,2024-04-05,Rack-14-Shelf-2
392,P020,S12,166,14,2024-01-19,Rack-10-Shelf-5
393,P020,S13,139,34,2024-03-02,Rack-16-Shelf-2
394,P020,S14,18,33,2024-02-08,Rack-11-Shelf-1
395,P020,S15,105,24,2024-03-05,Rack-1-Shelf-5
396,P020,S16,202,38,2024-04-13,Rack-2-Shelf-5
397,P020,S17,427,19,2024-05-30,Rack-1-Shelf-4
398,P020,S18,158,15,2024-04-13,Rack-11-Shelf-5
399,P020,S19,323,36,2024-07-31,Rack-11-Shelf-2
400,P020,S20,121,46,2024-01-26,Rack-8-Shelf-4
401,P021,S01,115,43,2024-07-04,Rack-16-Shelf-3
402,P021,S02,102,24,2024-02-21,Rack-19-Shelf-3
403,P021,S03,447,42,2024-01-10,Rack-1-Shelf-1
404,P021,S04,407,45,2024-06-01,Rack-4-Shelf-4
405,P021,S05,72,34,2024-09-06,Rack-12-Shelf-1
406,P021,S06,47,29,2024-08-08,Rack-17-Shelf-2
407,P021,S07,331,17,2024-05-17,Rack-13-Shelf-3
408,P021,S08,2,11,2024-04-25,Rack-19-Shelf-3
409,P021,S09,393,50,2024-07-08,Rack-12-Shelf-5
410,P021,S10,366,28,2024-07-17,Rack-10-Shelf-2
411,P021,S11,30,16,2024-09-14,Rack-4-Shelf-5
412,P021,S12,10,18,2024-04-19,Rack-6-Shelf-1
413,P021,S13,48,34,2024-06-27,Rack-4-Shelf-5
414,P021,S14,267,45,2024-01-04,Rack-13-Shelf-1
415,P021,S15,431,48,2024-02-27,Rack-16-Shelf-3
416,P021,S16,16,39,2024-06-24,Rack-4-Shelf-5
417,P021,S17,473,20,2024-07-18,Rack-15-Shelf-4
418,P021,S18,324,32,2024-01-11,Rack-9-Shelf-4
419,P021,S19,48,35,2024-03-22,Rack-5-Shelf-5
420,P021,S20,321,28,2024-04-10,Rack-20-Shelf-4
421,P022,S01,177,37,2024-10-02,Rack-18-Shelf-4
422,P022,S02,401,20,2024-01-06,Rack-5-Shelf-1
423,P022,S03,131,45,2024-09-05,Rack-3-Shelf-1
424,P022,S04,424,24,2024-07-15,Rack-11-Shelf-2
425,P022,S05,145,41,2024-07-11,Rack-10-Shelf-1
426,P022,S06,129,28,2024-03-14,Rack-16-Shelf-1
427,P022,S07,351,47,2024-08-12,Rack-10-Shelf-3
428,P022,S08,111,14,2024-05-31,Rack-12-Shelf-5
429,P022,S09,188,32,2024-01-08,Rack-18-Shelf-1
430,P022,S10,25,19,2024-01-10,Rack-14-Shelf-5
431,P022,S11,179,29,2024-08-28,Rack-7-Shelf-3
432,P022,S12,217,26,2024-03-10,Rack-15-Shelf-2
433,P022,S13,303,26,2024-04-14,Rack-14-Shelf-1
434,P022,S14,19,49,2024-01-13,Rack-19-Shelf-5
435,P022,S15,481,20,2024-05-13,Rack-11-Shelf-1
436,P022,S16,330,43,2024-02-29,Rack-9-Shelf-4
437,P022,S17,340,29,2024-08-14,Rack-2-Shelf-2
438,P022,S18,428,22,2024-08-02,Rack-1-Shelf-4
439,P022,S19,151,17,2024-09-08,Rack-2-Shelf-4
440,P022,S20,6,20,2024-03-29,Rack-12-Shelf-2
441,P023,S01,171,30,2024-04-13,Rack-3-Shelf-2
442,P023,S02,130,15,2024-08-18,Rack-14-Shelf-2
443,P023,S03,95,44,2024-01-15,Rack-19-Shelf-3
444,P023,S04,153,14,2024-09-08,Rack-12-Shelf-3
445,P023,S05,347,12,2024-02-19,Rack-13-Shelf-2
446,P023,S06,500,38,2024-01-19,Rack-12-Shelf-5
447,P023,S07,137,45,2024-03-25,Rack-18-Shelf-1
448,P023,S08,228,22,2024-04-14,Rack-7-Shelf-5
449,P023,S09,380,35,2024-02-22,Rack-1-Shelf-5
450,P023,S10,83,47,2024-08-04,Rack-12-Shelf-4
451,P023,S11,487,16,2024-03-10,Rack-2-Shelf-4
452,P023,S12,145,34,2024-05-22,Rack-14-Shelf-4
453,P023,S13,192,26,2024-08-25,Rack-18-Shelf-3
454,P023,S14,195,20,2024-06-18,Rack-2-Shelf-5
455,P023,S15,133,32,2024-01-30,Rack-3-Shelf-3
456,P023,S16,126,46,2024-10-24,Rack-19-Shelf-2
457,P023,S17,182,39,2024-01-08,Rack-19-Shelf-5
458,P023,S18,452,20,2024-09-20,Rack-14-Shelf-1
459,P023,S19,4,19,2024-09-23,Rack-12-Shelf-3
460,P023,S20,391,16,2024-05-08,Rack-8-Shelf-5
461,P024,S01,346,19,2024-06-14,Rack-11-Shelf-2
462,P024,S02,5,25,2024-04-05,Rack-18-Shelf-4
463,P024,S03,172,46,2024-03-01,Rack-18-Shelf-1
464,P024,S04,440,46,2024-09-27,Rack-2-Shelf-3
465,P024,S05,95,43,2024-04-15,Rack-20-Shelf-1
466,P024,S06,435,31,2024-04-09,Rack-1-Shelf-4
467,P024,S07,250,24,2024-01-08,Rack-18-Shelf-2
468,P024,S08,415,13,2024-04-26,Rack-18-Shelf-5
469,P024,S09,148,11,2024-02-23,Rack-14-Shelf-4
470,P024,S10,237,35,2024-03-13,Rack-3-Shelf-5
471,P024,S11,442,17,2024-01-09,Rack-11-Shelf-1
472,P024,S12,432,41,2024-02-21,Rack-19-Shelf-4
473,P024,S13,17,48,2024-06-30,Rack-16-Shelf-3
474,P024,S14,497,29,2024-06-27,Rack-9-Shelf-1
475,P024,S15,435,37,2024-02-29,Rack-10-Shelf-2
476,P024,S16,261,39,2024-08-10,Rack-16-Shelf-2
477,P024,S17,282,29,2024-05-05,Rack-4-Shelf-3
478,P024,S18,381,33,2024-07-30,Rack-16-Shelf-4
479,P024,S19,311,30,2024-08-24,Rack-20-Shelf-2
480,P024,S20,288,34,2024-04-02,Rack-14-Shelf-2
481,P025,S01,84,40,2024-04-21,Rack-6-Shelf-3
482,P025,S02,485,24,2024-09-07,Rack-2-Shelf-2
483,P025,S03,346,50,2024-02-10,Rack-19-Shelf-1
484,P025,S04,167,36,2024-07-26,Rack-11-Shelf-1
485,P025,S05,473,26,2024-02-02,Rack-8-Shelf-3
486,P025,S06,97,11,2024-08-17,Rack-13-Shelf-5
487,P025,S07,333,24,2024-03-17,Rack-19-Shelf-5
488,P025,S08,227,34,2024-10-07,Rack-3-Shelf-4
489,P025,S09,17,32,2024-02-14,Rack-19-Shelf-1
490,P025,S10,241,10,2024-03-22,Rack-9-Shelf-2
491,P025,S11,443,25,2024-08-07,Rack-8-Shelf-4
492,P025,S12,128,23,2024-08-24,Rack-8-Shelf-5
493,P025,S13,23,14,2024-04-21,Rack-3-Shelf-5
494,P025,S14,134,22,2024-05-27,Rack-3-Shelf-2
495,P025,S15,176,40,2024-03-02,Rack-14-Shelf-5
496,P025,S16,73,36,2024-03-04,Rack-3-Shelf-1
497,P025,S17,379,28,2024-08-24,Rack-13-Shelf-2
498,P025,S18,12,38,2024-04-14,Rack-9-Shelf-4
499,P025,S19,275,40,2024-04-27,Rack-12-Shelf-3
500,P025,S20,61,27,2024-06-14,Rack-12-Shelf-4
501,P026,S01,445,29,2024-08-19,Rack-7-Shelf-1
502,P026,S02,333,16,2024-07-21,Rack-17-Shelf-5
503,P026,S03,167,47,2024-03-31,Rack-13-Shelf-4
504,P026,S04,118,40,2024-01-10,Rack-1-Shelf-5
505,P026,S05,444,43,2024-05-17,Rack-8-Shelf-5
506,P026,S06,99,12,2024-03-04,Rack-10-Shelf-5
507,P026,S07,341,33,2024-08-30,Rack-17-Shelf-1
508,P026,S08,207,33,2024-08-09,Rack-1-Shelf-5
509,P026,S09,271,13,2024-05-15,Rack-3-Shelf-5
510,P026,S10,350,49,2024-01-20,Rack-5-Shelf-3
511,P026,S11,145,35,2024-04-04,Rack-18-Shelf-5
512,P026,S12,400,20,2024-08-09,Rack-3-Shelf-4
513,P026,S13,105,26,2024-07-12,Rack-2-Shelf-5
514,P026,S14,234,23,2024-08-10,Rack-7-Shelf-1
515,P026,S15,134,46,2024-04-09,Rack-3-Shelf-5
516,P026,S16,43,22,2024-08-19,Rack-5-Shelf-2
517,P026,S17,301,22,2024-09-23,Rack-1-Shelf-3
518,P026,S18,173,10,2024-04-27,Rack-1-Shelf-5
519,P026,S19,403,24,2024-05-21,Rack-19-Shelf-1
520,P026,S20,335,15,2024-07-24,Rack-10-Shelf-4
521,P027,S01,211,26,2024-10-24,Rack-6-Shelf-4
522,P027,S02,101,45,2024-07-27,Rack-18-Shelf-1
523,P027,S03,104,24,2024-08-31,Rack-5-Shelf-2
524,P027,S04,325,41,2024-10-12,Rack-4-Shelf-5
525,P027,S05,38,33,2024-06-25,Rack-7-Shelf-5
526,P027,S06,94,33,2024-09-14,Rack-18-Shelf-2
527,P027,S07,17,21,2024-02-15,Rack-7-Shelf-4
528,P027,S08,249,14,2024-07-27,Rack-2-Shelf-2
529,P027,S09,125,42,2024-06-08,Rack-3-Shelf-4
530,P027,S10,388,43,2024-08-20,Rack-13-Shelf-1
531,P027,S11,79,42,2024-09-09,Rack-10-Shelf-5
532,P027,S12,7,40,2024-03-22,Rack-14-Shelf-3
533,P027,S13,271,42,2024-02-06,Rack-1-Shelf-3
534,P027,S14,355,11,2024-05-07,Rack-19-Shelf-1
535,P027,S15,213,40,2024-10-01,Rack-3-Shelf-2
536,P027,S16,271,42,2024-05-04,Rack-15-Shelf-5
537,P027,S17,324,24,2024-10-03,Rack-11-Shelf-5
538,P027,S18,114,13,2024-10-11,Rack-5-Shelf-2
539,P027,S19,403,38,2024-09-21,Rack-4-Shelf-3
540,P027,S20,217,46,2024-06-27,Rack-8-Shelf-5
541,P028,S01,162,25,2024-08-03,Rack-19-Shelf-5
542,P028,S02,373,19,2024-05-04,Rack-6-Shelf-1
543,P028,S03,224,20,2024-06-02,Rack-17-Shelf-4
544,P028,S04,50,15,2024-06-23,Rack-14-Shelf-2
545,P028,S05,118,13,2024-07-18,Rack-16-Shelf-5
546,P028,S06,15,14,2024-10-21,Rack-9-Shelf-4
547,P028,S07,251,12,2024-02-13,Rack-9-Shelf-1
548,P028,S08,434,19,2024-10-14,Rack-1-Shelf-3
549,P028,S09,150,38,2024-02-23,Rack-6-Shelf-1
550,P028,S10,287,22,2024-08-02,Rack-5-Shelf-3
551,P028,S11,280,38,2024-06-06,Rack-17-Shelf-3
552,P028,S12,206,21,2024-04-19,Rack-15-Shelf-5
553,P028,S13,331,45,2024-08-05,Rack-3-Shelf-4
554,P028,S14,474,24,2024-03-07,Rack-15-Shelf-4
555,P028,S15,496,36,2024-01-13,Rack-14-Shelf-2
556,P028,S16,312,31,2024-02-03,Rack-8-Shelf-4
557,P028,S17,285,46,2024-10-25,Rack-2-Shelf-4
558,P028,S18,184,40,2024-05-29,Rack-3-Shelf-4
559,P028,S19,303,45,2024-05-08,Rack-8-Shelf-4
560,P028,S20,207,25,2024-05-06,Rack-16-Shelf-3
561,P029,S01,213,15,2024-09-16,Rack-9-Shelf-3
562,P029,S02,113,31,2024-09-03,Rack-15-Shelf-4
563,P029,S03,365,41,2024-09-25,Rack-12-Shelf-5
564,P029,S04,70,49,2024-05-21,Rack-11-Shelf-5
565,P029,S05,119,36,2024-02-07,Rack-18-Shelf-5
566,P029,S06,466,22,2024-08-13,Rack-10-Shelf-3
567,P029,S07,277,46,2024-03-26,Rack-7-Shelf-5
568,P029,S08,453,34,2024-01-20,Rack-10-Shelf-2
569,P029,S09,137,27,2024-06-15,Rack-1-Shelf-2
570,P029,S10,179,34,2024-09-11,Rack-2-Shelf-2
571,P029,S11,61,40,2024-09-21,Rack-6-Shelf-5
572,P029,S12,170,47,2024-10-11,Rack-18-Shelf-1
573,P029,S13,467,35,2024-02-25,Rack-1-Shelf-2
574,P029,S14,224,36,2024-04-16,Rack-6-Shelf-5
575,P029,S15,149,10,2024-04-24,Rack-17-Shelf-1
576,P029,S16,155,23,2024-09-08,Rack-9-Shelf-1
577,P029,S17,320,20,2024-08-11,Rack-20-Shelf-5
578,P029,S18,480,10,2024-09-19,Rack-13-Shelf-3
579,P029,S19,163,17,2024-01-08,Rack-17-Shelf-4
580,P029,S20,397,16,2024-08-24,Rack-1-Shelf-4
581,P030,S01,434,42,2024-04-15,Rack-20-Shelf-2
582,P030,S02,347,15,2024-04-30,Rack-5-Shelf-5
583,P030,S03,155,12,2024-03-26,Rack-16-Shelf-3
584,P030,S04,301,28,2024-04-02,Rack-12-Shelf-1
585,P030,S05,33,35,2024-07-10,Rack-15-Shelf-3
586,P030,S06,186,30,2024-08-31,Rack-10-Shelf-5
587,P030,S07,193,23,2024-03-17,Rack-18-Shelf-1
588,P030,S08,497,10,2024-09-10,Rack-1-Shelf-3
589,P030,S09,201,13,2024-06-21,Rack-11-Shelf-4
590,P030,S10,107,43,2024-05-25,Rack-4-Shelf-1
591,P030,S11,292,35,2024-01-04,Rack-1-Shelf-4
592,P030,S12,475,34,2024-02-29,Rack-14-Shelf-1
593,P030,S13,337,31,2024-04-09,Rack-3-Shelf-4
594,P030,S14,193,35,2024-01-11,Rack-6-Shelf-3
595,P030,S15,149,33,2024-07-11,Rack-20-Shelf-4
596,P030,S16,359,47,2024-02-16,Rack-17-Shelf-1
597,P030,S17,150,23,2024-04-27,Rack-13-Shelf-5
598,P030,S18,499,38,2024-06-17,Rack-15-Shelf-3
599,P030,S19,433,33,2024-05-14,Rack-13-Shelf-1
600,P030,S20,196,45,2024-04-07,Rack-9-Shelf-2
601,P031,S01,213,11,2024-07-09,Rack-7-Shelf-2
602,P031,S02,445,43,2024-10-06,Rack-6-Shelf-3
603,P031,S03,311,47,2024-08-10,Rack-19-Shelf-4
604,P031,S04,193,13,2024-10-06,Rack-4-Shelf-5
605,P031,S05,238,30,2024-09-21,Rack-18-Shelf-1
606,P031,S06,147,16,2024-05-28,Rack-1-Shelf-2
607,P031,S07,214,24,2024-06-05,Rack-17-Shelf-4
608,P031,S08,133,31,2024-02-23,Rack-5-Shelf-4
609,P031,S09,61,46,2024-05-03,Rack-15-Shelf-5
610,P031,S10,28,20,2024-03-21,Rack-20-Shelf-2
611,P031,S11,450,11,2024-05-29,Rack-10-Shelf-2
612,P031,S12,483,14,2024-03-24,Rack-3-Shelf-2
613,P031,S13,140,30,2024-06-18,Rack-15-Shelf-5
614,P031,S14,312,48,2024-01-16,Rack-2-Shelf-4
615,P031,S15,94,31,2024-07-24,Rack-13-Shelf-5
616,P031,S16,248,18,2024-05-07,Rack-2-Shelf-4
617,P031,S17,328,23,2024-08-02,Rack-12-Shelf-4
618,P031,S18,442,43,2024-04-11,Rack-15-Shelf-1
619,P031,S19,331,33,2024-02-25,Rack-2-Shelf-3
620,P031,S20,50,25,2024-07-23,Rack-16-Shelf-4
621,P032,S01,247,34,2024-09-06,Rack-20-Shelf-3
622,P032,S02,411,47,2024-04-13,Rack-5-Shelf-2
623,P032,S03,138,48,2024-07-15,Rack-16-Shelf-2
624,P032,S04,239,15,2024-08-03,Rack-16-Shelf-3
625,P032,S05,168,38,2024-10-25,Rack-4-Shelf-2
626,P032,S06,15,48,2024-06-05,Rack-11-Shelf-3
627,P032,S07,343,11,2024-03-24,Rack-18-Shelf-5
628,P032,S08,452,27,2024-06-01,Rack-7-Shelf-5
629,P032,S09,473,43,2024-03-11,Rack-13-Shelf-5
630,P032,S10,228,35,2024-10-19,Rack-9-Shelf-1
631,P032,S11,120,34,2024-07-17,Rack-16-Shelf-3
632,P032,S12,392,44,2024-09-23,Rack-14-Shelf-5
633,P032,S13,309,47,2024-07-19,Rack-20-Shelf-1
634,P032,S14,265,40,2024-09-22,Rack-14-Shelf-2
635,P032,S15,289,15,2024-06-01,Rack-4-Shelf-5
636,P032,S16,354,25,2024-06-14,Rack-19-Shelf-1
637,P032,S17,381,49,2024-05-26,Rack-20-Shelf-1
638,P032,S18,351,28,2024-05-29,Rack-9-Shelf-4
639,P032,S19,142,21,2024-08-22,Rack-2-Shelf-4
640,P032,S20,70,33,2024-06-02,Rack-9-Shelf-3
641,P033,S01,371,19,2024-09-02,Rack-18-Shelf-4
642,P033,S02,32,13,2024-06-20,Rack-9-Shelf-4
643,P033,S03,423,20,2024-10-08,Rack-16-Shelf-3
644,P033,S04,463,13,2024-08-21,Rack-11-Shelf-1
645,P033,S05,446,49,2024-05-05,Rack-20-Shelf-1
646,P033,S06,476,26,2024-07-14,Rack-1-Shelf-2
647,P033,S07,229,44,2024-03-27,Rack-18-Shelf-1
648,P033,S08,116,30,2024-07-30,Rack-17-Shelf-5
649,P033,S09,311,17,2024-01-10,Rack-18-Shelf-3
650,P033,S10,273,41,2024-09-02,Rack-15-Shelf-1
651,P033,S11,456,40,2024-07-02,Rack-1-Shelf-1
652,P033,S12,97,46,2024-04-20,Rack-20-Shelf-2
653,P033,S13,165,35,2024-08-19,Rack-20-Shelf-4
654,P033,S14,354,29,2024-07-20,Rack-8-Shelf-1
655,P033,S15,390,40,2024-09-03,Rack-3-Shelf-5
656,P033,S16,206,21,2024-07-27,Rack-14-Shelf-4
657,P033,S17,376,43,2024-07-29,Rack-3-Shelf-4
658,P033,S18,461,24,2024-04-25,Rack-18-Shelf-4
659,P033,S19,106,44,2024-03-02,Rack-8-Shelf-1
660,P033,S20,480,22,2024-03-13,Rack-14-Shelf-2
661,P034,S01,155,49,2024-09-21,Rack-14-Shelf-3
662,P034,S02,13,49,2024-05-09,Rack-13-Shelf-4
663,P034,S03,187,27,2024-10-17,Rack-16-Shelf-4
664,P034,S04,15,30,2024-04-25,Rack-13-Shelf-3
665,P034,S05,137,25,2024-05-11,Rack-19-Shelf-3
666,P034,S06,147,16,2024-03-08,Rack-4-Shelf-4
667,P034,S07,194,20,2024-01-25,Rack-18-Shelf-1
668,P034,S08,434,14,2024-03-31,Rack-17-Shelf-5
669,P034,S09,127,26,2024-09-16,Rack-6-Shelf-5
670,P034,S10,4,11,2024-03-24,Rack-1-Shelf-3
671,P034,S11,126,34,2024-06-13,Rack-1-Shelf-3
672,P034,S12,324,32,2024-07-23,Rack-17-Shelf-4
673,P034,S13,316,36,2024-01-21,Rack-2-Shelf-1
674,P034,S14,307,20,2024-04-21,Rack-7-Shelf-1
675,P034,S15,402,30,2024-03-09,Rack-10-Shelf-1
676,P034,S16,486,27,2024-03-03,Rack-11-Shelf-4
677,P034,S17,167,42,2024-05-16,Rack-5-Shelf-4
678,P034,S18,216,43,2024-08-01,Rack-3-Shelf-2
679,P034,S19,245,38,2024-10-19,Rack-7-Shelf-2
680,P034,S20,115,25,2024-06-17,Rack-14-Shelf-5
681,P035,S01,159,19,2024-01-11,Rack-3-Shelf-5
682,P035,S02,137,26,2024-06-13,Rack-15-Shelf-4
683,P035,S03,493,34,2024-02-12,Rack-14-Shelf-2
684,P035,S04,452,46,2024-07-05,Rack-2-Shelf-4
685,P035,S05,144,14,2024-01-08,Rack-7-Shelf-1
686,P035,S06,273,29,2024-02-02,Rack-16-Shelf-2
687,P035,S07,342,21,2024-07-27,Rack-12-Shelf-2
688,P035,S08,108,26,2024-08-07,Rack-12-Shelf-3
689,P035,S09,144,37,2024-02-02,Rack-5-Shelf-1
690,P035,S10,112,44,2024-05-23,Rack-14-Shelf-4
691,P035,S11,345,21,2024-08-11,Rack-9-Shelf-3
692,P035,S12,345,13,2024-02-08,Rack-20-Shelf-5
693,P035,S13,316,21,2024-09-18,Rack-20-Shelf-1
694,P035,S14,457,29,2024-04-17,Rack-11-Shelf-2
695,P035,S15,173,50,2024-05-14,Rack-6-Shelf-3
696,P035,S16,322,37,2024-03-05,Rack-18-Shelf-4
697,P035,S17,412,10,2024-09-11,Rack-17-Shelf-1
698,P035,S18,427,25,2024-09-16,Rack-10-Shelf-4
699,P035,S19,407,31,2024-02-07,Rack-8-Shelf-3
700,P035,S20,396,12,2024-08-25,Rack-9-Shelf-5
701,P036,S01,45,42,2024-06-11,Rack-1-Shelf-3
702,P036,S02,357,44,2024-03-11,Rack-9-Shelf-1
703,P036,S03,388,32,2024-06-10,Rack-9-Shelf-4
704,P036,S04,364,32,2024-02-09,Rack-5-Shelf-1
705,P036,S05,205,49,2024-01-12,Rack-14-Shelf-1
706,P036,S06,49,49,2024-06-27,Rack-19-Shelf-4
707,P036,S07,111,50,2024-08-13,Rack-5-Shelf-3
708,P036,S08,122,10,2024-04-28,Rack-4-Shelf-3
709,P036,S09,273,27,2024-07-12,Rack-10-Shelf-2
710,P036,S10,494,48,2024-05-08,Rack-9-Shelf-2
711,P036,S11,280,11,2024-06-13,Rack-9-Shelf-1
712,P036,S12,31,47,2024-03-25,Rack-7-Shelf-1
713,P036,S13,294,32,2024-01-25,Rack-16-Shelf-5
714,P036,S14,254,25,2024-01-08,Rack-11-Shelf-2
715,P036,S15,297,11,2024-01-20,Rack-8-Shelf-3
716,P036,S16,324,50,2024-04-17,Rack-6-Shelf-5
717,P036,S17,81,34,2024-03-13,Rack-1-Shelf-3
718,P036,S18,348,33,2024-07-07,Rack-12-Shelf-4
719,P036,S19,419,19,2024-09-15,Rack-10-Shelf-5
720,P036,S20,254,33,2024-07-15,Rack-12-Shelf-4
721,P037,S01,279,24,2024-04-27,Rack-20-Shelf-2
722,P037,S02,308,47,2024-05-28,Rack-7-Shelf-1
723,P037,S03,15,47,2024-06-28,Rack-3-Shelf-5
724,P037,S04,258,42,2024-06-29,Rack-15-Shelf-5
725,P037,S05,225,43,2024-04-05,Rack-17-Shelf-1
726,P037,S06,347,46,2024-06-23,Rack-16-Shelf-2
727,P037,S07,371,42,2024-05-04,Rack-20-Shelf-4
728,P037,S08,265,22,2024-01-07,Rack-3-Shelf-5
729,P037,S09,308,45,2024-08-09,Rack-12-Shelf-5
730,P037,S10,438,43,2024-05-29,Rack-13-Shelf-1
731,P037,S11,426,38,2024-05-29,Rack-11-Shelf-4
732,P037,S12,80,30,2024-07-12,Rack-15-Shelf-1
733,P037,S13,458,23,2024-03-21,Rack-15-Shelf-1
734,P037,S14,480,44,2024-09-16,Rack-15-Shelf-3
735,P037,S15,266,38,2024-06-17,Rack-2-Shelf-5
736,P037,S16,282,12,2024-03-08,Rack-2-Shelf-4
737,P037,S17,174,18,2024-01-24,Rack-9-Shelf-4
738,P037,S18,406,47,2024-01-25,Rack-15-Shelf-3
739,P037,S19,106,47,2024-01-11,Rack-13-Shelf-3
740,P037,S20,470,44,2024-05-08,Rack-16-Shelf-4
741,P038,S01,97,49,2024-03-26,Rack-2-Shelf-2
742,P038,S02,152,50,2024-05-10,Rack-9-Shelf-1
743,P038,S03,349,40,2024-04-30,Rack-4-Shelf-5
744,P038,S04,247,15,2024-10-04,Rack-20-Shelf-1
745,P038,S05,61,14,2024-04-02,Rack-2-Shelf-2
746,P038,S06,387,35,2024-09-07,Rack-6-Shelf-5
747,P038,S07,348,14,2024-07-21,Rack-20-Shelf-3
748,P038,S08,475,18,2024-08-09,Rack-3-Shelf-4
749,P038,S09,212,36,2024-05-20,Rack-16-Shelf-1
750,P038,S10,14,41,2024-10-20,Rack-8-Shelf-3
751,P038,S11,93,38,2024-06-23,Rack-14-Shelf-3
752,P038,S12,69,11,2024-10-05,Rack-8-Shelf-1
753,P038,S13,488,22,2024-01-06,Rack-1-Shelf-1
754,P038,S14,377,34,2024-02-10,Rack-17-Shelf-2
755,P038,S15,91,15,2024-06-18,Rack-6-Shelf-5
756,P038,S16,478,12,2024-01-31,Rack-16-Shelf-3
757,P038,S17,35,34,2024-07-12,Rack-9-Shelf-2
758,P038,S18,486,12,2024-10-08,Rack-13-Shelf-1
759,P038,S19,411,28,2024-03-16,Rack-18-Shelf-2
760,P038,S20,49,35,2024-09-08,Rack-5-Shelf-2
761,P039,S01,66,29,2024-07-14,Rack-9-Shelf-3
762,P039,S02,242,17,2024-01-20,Rack-13-Shelf-1
763,P039,S03,404,35,2024-02-01,Rack-14-Shelf-4
764,P039,S04,491,25,2024-09-08,Rack-15-Shelf-5
765,P039,S05,272,49,2024-03-25,Rack-3-Shelf-3
766,P039,S06,62,44,2024-03-01,Rack-2-Shelf-1
767,P039,S07,235,20,2024-01-14,Rack-17-Shelf-3
768,P039,S08,241,49,2024-09-29,Rack-2-Shelf-1
769,P039,S09,335,16,2024-08-21,Rack-2-Shelf-3
770,P039,S10,392,35,2024-05-18,Rack-15-Shelf-4
771,P039,S11,378,31,2024-10-03,Rack-12-Shelf-4
772,P039,S12,387,33,2024-08-18,Rack-19-Shelf-1
773,P039,S13,453,24,2024-04-25,Rack-13-Shelf-4
774,P039,S14,445,30,2024-05-23,Rack-16-Shelf-5
775,P039,S15,500,15,2024-01-11,Rack-19-Shelf-5
776,P039,S16,366,49,2024-10-25,Rack-7-Shelf-4
777,P039,S17,270,28,2024-10-03,Rack-13-Shelf-3
778,P039,S18,83,23,2024-01-23,Rack-18-Shelf-1
779,P039,S19,147,30,2024-04-19,Rack-7-Shelf-3
780,P039,S20,449,23,2024-01-13,Rack-9-Shelf-5
781,P040,S01,418,44,2024-03-30,Rack-1-Shelf-4
782,P040,S02,434,12,2024-01-02,Rack-1-Shelf-2
783,P040,S03,201,39,2024-06-27,Rack-11-Shelf-3
784,P040,S04,228,32,2024-04-13,Rack-20-Shelf-4
785,P040,S05,412,28,2024-02-15,Rack-14-Shelf-2
786,P040,S06,270,18,2024-06-23,Rack-3-Shelf-1
787,P040,S07,241,19,2024-04-13,Rack-2-Shelf-2
788,P040,S08,431,32,2024-09-16,Rack-6-Shelf-1
789,P040,S09,243,21,2024-07-17,Rack-8-Shelf-2
790,P040,S10,443,11,2024-10-05,Rack-2-Shelf-3
791,P040,S11,283,50,2024-01-07,Rack-18-Shelf-5
792,P040,S12,365,37,2024-02-10,Rack-4-Shelf-2
793,P040,S13,395,33,2024-09-14,Rack-1-Shelf-3
794,P040,S14,155,24,2024-01-31,Rack-13-Shelf-3
795,P040,S15,348,39,2024-09-04,Rack-5-Shelf-1
796,P040,S16,51,18,2024-08-15,Rack-4-Shelf-4
797,P040,S17,264,16,2024-01-01,Rack-19-Shelf-5
798,P040,S18,460,16,2024-08-20,Rack-14-Shelf-4
799,P040,S19,498,24,2024-07-07,Rack-5-Shelf-1
800,P040,S20,170,19,2024-08-02,Rack-16-Shelf-2
